id	first_name	last_name	email	gender	ip_address
1	Jarret	Charlot	jcharlot0@theguardian.com	Male	196.47.64.165
2	Osgood	Treacher	otreacher1@google.co.uk	Male	254.57.226.49
3	Jermaine	Scardefield	jscardefield2@w3.org	Female	36.221.239.62
4	Levi	Burgum	lburgum3@sitemeter.com	Male	47.138.238.219
5	Ardys	Vasnev	avasnev4@arizona.edu	Female	161.220.39.190
6	Terra	Zeplin	tzeplin5@about.com	Female	242.243.136.39
7	Allister	Santello	asantello6@friendfeed.com	Male	239.234.193.161
8	Flossie	Denness	fdenness7@intel.com	Female	157.96.19.41
9	Menard	Scurman	mscurman8@deviantart.com	Male	85.233.128.2
10	Derby	Egiloff	degiloff9@howstuffworks.com	Agender	77.89.74.163
11	Lilah	Filipowicz	lfilipowicza@wisc.edu	Female	241.250.108.56
12	Logan	Puddin	lpuddinb@imgur.com	Genderqueer	203.89.219.209
13	Paton	D'Errico	pderricoc@amazonaws.com	Male	157.63.4.178
14	Jerrold	Bachmann	jbachmannd@cbslocal.com	Male	91.70.142.125
15	Anastasie	Lidgate	alidgatee@123-reg.co.uk	Female	98.228.52.136
16	Brittney	Gaskarth	bgaskarthf@ucsd.edu	Female	132.196.37.53
17	Paxton	Caren	pcareng@sciencedaily.com	Male	62.172.127.33
18	Bryanty	Gregolin	bgregolinh@illinois.edu	Male	250.181.166.96
19	Gannie	Covert	gcoverti@globo.com	Male	173.45.168.52
20	Marabel	Hansmann	mhansmannj@ted.com	Female	128.250.208.238
21	Haywood	Osipov	hosipovk@xing.com	Male	142.75.106.216
22	Fanny	Thornham	fthornhaml@last.fm	Genderfluid	220.91.111.140
23	Zebulon	Dyers	zdyersm@yahoo.com	Male	193.193.35.83
24	Bianca	Cuttings	bcuttingsn@soup.io	Female	219.121.231.162
25	Roxanna	Scollick	rscollicko@qq.com	Female	102.16.110.138
26	Xerxes	Cragg	xcraggp@google.com.hk	Agender	155.222.99.99
27	Simmonds	Chaston	schastonq@addthis.com	Male	174.117.87.116
28	Bogart	Jacobs	bjacobsr@unc.edu	Male	91.102.42.121
29	Vernice	Olijve	volijves@wisc.edu	Female	13.60.152.81
30	Jerri	Golt	jgoltt@nyu.edu	Male	199.10.129.146
31	Carmelle	Daveridge	cdaveridgeu@barnesandnoble.com	Female	60.14.247.235
32	August	Pierton	apiertonv@feedburner.com	Male	70.94.111.132
33	Freddie	Gibbins	fgibbinsw@oakley.com	Female	156.105.235.125
34	Hayley	Bernardoni	hbernardonix@abc.net.au	Female	186.183.45.182
35	Tiebold	Layfield	tlayfieldy@ow.ly	Male	49.129.85.207
36	Prudi	MacDwyer	pmacdwyerz@rakuten.co.jp	Female	158.67.64.31
37	Bird	Allery	ballery10@java.com	Female	135.229.140.233
38	Billye	McCarrell	bmccarrell11@discuz.net	Female	143.232.116.50
39	Ulla	Ackland	uackland12@ucoz.ru	Female	33.162.117.123
40	Clarice	Rankcom	crankcom13@opensource.org	Female	41.53.194.10
41	Giacopo	Scambler	gscambler14@github.com	Male	175.152.185.147
42	Klaus	Leeuwerink	kleeuwerink15@imgur.com	Male	210.49.82.182
43	Whitaker	Feather	wfeather16@mashable.com	Male	227.85.221.173
44	Carmella	Lambal	clambal17@state.tx.us	Female	233.158.95.214
45	Meris	Raddish	mraddish18@sakura.ne.jp	Female	77.203.30.37
46	Michell	Caffrey	mcaffrey19@so-net.ne.jp	Female	219.199.185.72
47	Persis	Allwood	pallwood1a@xing.com	Female	170.148.196.30
48	Caldwell	Starkie	cstarkie1b@mit.edu	Male	249.187.210.255
49	Mandie	Oldacres	moldacres1c@sciencedaily.com	Female	100.115.169.229
50	Carlyn	MacFaul	cmacfaul1d@moonfruit.com	Agender	48.190.49.72
51	Bess	Lavelle	blavelle1e@list-manage.com	Agender	176.75.185.203
52	Janka	Dmisek	jdmisek1f@unicef.org	Female	153.100.176.34
53	Roley	Underwood	runderwood1g@live.com	Male	160.228.131.210
54	Portie	Scurrell	pscurrell1h@plala.or.jp	Male	118.181.223.97
55	Hinda	Schoffel	hschoffel1i@utexas.edu	Female	217.112.106.208
56	Bax	Graveney	bgraveney1j@thetimes.co.uk	Male	82.99.34.243
57	Stacy	Hullyer	shullyer1k@virginia.edu	Male	244.163.207.68
58	Murray	Ragdale	mragdale1l@multiply.com	Male	195.171.128.6
59	Stillmann	Wrightham	swrightham1m@hostgator.com	Polygender	173.215.63.128
60	Felic	Taft	ftaft1n@simplemachines.org	Male	181.204.160.145
61	Bar	Benazet	bbenazet1o@histats.com	Male	28.217.9.45
62	Sigismond	Reschke	sreschke1p@mozilla.org	Male	19.61.49.193
63	Gabriellia	Genge	ggenge1q@tmall.com	Female	230.124.112.161
64	Buiron	Rayer	brayer1r@tuttocitta.it	Male	121.60.47.58
65	Gwenni	Hazeldean	ghazeldean1s@google.ca	Female	184.71.2.138
66	Dulce	Lornsen	dlornsen1t@imageshack.us	Female	143.143.163.134
67	Aundrea	Glanert	aglanert1u@tripod.com	Female	177.239.22.112
68	Lockwood	Bachelor	lbachelor1v@mapquest.com	Male	24.195.89.162
69	Phil	Bellon	pbellon1w@networksolutions.com	Non-binary	232.45.196.119
70	Adam	Bulch	abulch1x@cisco.com	Male	99.149.59.20
71	Giulia	Clappison	gclappison1y@i2i.jp	Female	241.60.176.115
72	Dillon	Younger	dyounger1z@ovh.net	Male	56.194.251.144
73	Waring	Tweedlie	wtweedlie20@amazon.co.uk	Male	173.19.231.87
74	Chuck	Privost	cprivost21@smugmug.com	Male	41.119.61.110
75	Daniela	Turbat	dturbat22@latimes.com	Female	64.25.114.252
76	Lonni	Jacobowicz	ljacobowicz23@lycos.com	Female	87.223.77.54
77	Bartholomeus	Critten	bcritten24@twitpic.com	Male	196.28.163.150
78	Joellyn	Kennon	jkennon25@jiathis.com	Female	22.80.190.1
79	Madelina	Mattiuzzi	mmattiuzzi26@issuu.com	Female	118.81.210.201
80	Billy	Lattey	blattey27@ask.com	Female	245.246.166.197
81	Broderic	Binyon	bbinyon28@theglobeandmail.com	Male	34.221.161.40
82	Nicoli	Cawsey	ncawsey29@kickstarter.com	Female	162.75.108.13
83	Leticia	Springtorpe	lspringtorpe2a@netlog.com	Bigender	107.146.119.103
84	Farrand	Philippsohn	fphilippsohn2b@hatena.ne.jp	Female	185.69.177.52
85	Marleen	Spruce	mspruce2c@hatena.ne.jp	Female	132.17.12.20
86	Cris	Toe	ctoe2d@etsy.com	Female	113.187.183.174
87	Jemimah	Salamon	jsalamon2e@google.ru	Female	53.131.198.142
88	Oran	Corradino	ocorradino2f@photobucket.com	Male	53.125.204.43
89	Cortie	Moylan	cmoylan2g@over-blog.com	Male	217.63.229.125
90	Stevie	Dacey	sdacey2h@behance.net	Male	72.172.159.16
91	Antonetta	McMenamy	amcmenamy2i@gov.uk	Female	21.84.33.10
92	Josh	Burrel	jburrel2j@trellian.com	Male	64.21.70.72
93	Magda	Berthomier	mberthomier2k@is.gd	Female	70.116.235.168
94	Neville	Ligoe	nligoe2l@msu.edu	Male	104.18.147.89
95	Juliana	Ferdinand	jferdinand2m@lulu.com	Female	169.235.249.99
96	Cleopatra	Spera	cspera2n@merriam-webster.com	Female	190.179.13.216
97	Erika	Fabry	efabry2o@i2i.jp	Non-binary	165.42.18.110
98	Darsey	Archibould	darchibould2p@usatoday.com	Female	166.127.121.39
99	Babb	Yegorkin	byegorkin2q@privacy.gov.au	Female	242.120.111.49
100	Yule	Laffling	ylaffling2r@narod.ru	Male	24.153.165.92Donald Duck
Goofy Goof
Donald Duck
Goofy Goof
Donald Duck
Goofy Goof
Donald Duck
Goofy Goof
Donald Duck
Goofy Goof
Donald Duck
Goofy Goof
Donald Duck
Goofy Goof
Donald Duck
Goofy Goof
